{"Aalsmeer": 0.07250136360657655, "Amstelveen": 0.7932970927760511, "Anton": 0.7255736156602902, "Diemen": 0.441161396600956, "Dirk": 0.44760754637679556, "Driemond": 0.9647235797758192, "Duivendrecht": 0.32038132867550795, "GBA": 0.23601792025395552, "Hendrik": 0.8007193957720463, "IJsbrand": 0.45017475903125703, "Nico": 0.9909056469128541, "Osdorp": 0.6529839012619915, "Pieter": 0.2799318773160986, "Teunis": 0.28672426598663403, "Uithoorn": 0.8301229704292554, "Victor": 0.922235544598964, "Weesp": 0.10496843655396126, "Willem": 0.5442072977453376, "Zebra": 0.3025580839121046}
